studentId,MiddleSchoolId,InferredGender,SY ASSISTments Usage,AveKnow,AveCarelessness,AveCorrect,NumActions,AveResBored,AveResEngcon,AveResConf,AveResFrust,AveResOfftask,AveResGaming,action_num,skill,problemId,problemType,assignmentId,assistmentId,startTime,endTime,timeTaken,correct,original,hint,hintCount,hintTotal,scaffold,bottomHint,attemptCount,frIsHelpRequest,frPast5HelpRequest,frPast8HelpRequest,stlHintUsed,past8BottomOut,totalFrPercentPastWrong,totalFrPastWrongCount,frPast5WrongCount,frPast8WrongCount,totalFrTimeOnSkill,timeSinceSkill,frWorkingInSchool,totalFrAttempted,totalFrSkillOpportunities,responseIsFillIn,responseIsChosen,endsWithScaffolding,endsWithAutoScaffolding,frTimeTakenOnScaffolding,frTotalSkillOpportunitiesScaffolding,totalFrSkillOpportunitiesByScaffolding,frIsHelpRequestScaffolding,timeGreater5Secprev2wrong,sumRight,helpAccessUnder2Sec,timeGreater10SecAndNextActionRight,consecutiveErrorsInRow,sumTime3SDWhen3RowRight,sumTimePerSkill,totalTimeByPercentCorrectForskill,Prev5count,timeOver80,manywrong,confidence(BORED),confidence(CONCENTRATING),confidence(CONFUSED),confidence(FRUSTRATED),confidence(OFF TASK),confidence(GAMING),RES_BORED,RES_CONCENTRATING,RES_CONFUSED,RES_FRUSTRATED,RES_OFFTASK,RES_GAMING,Ln-1,Ln,MCAS,Enrolled,Selective,isSTEM
8,2,Male,2004-2005,0.352416476214962,0.183275651185525,0.483901515151515,1056,0.208389042655305,0.679125891308712,0.11590539234280302,0.112408083055871,0.156503046136363,0.19656099634753899,9950,properties-of-geometric-figures,1118,textfieldquestion,20405010,104051118,1096470301,1096470350,49.0,0,1,1,1,1,0,0,1,1,0,0,0,0,0.0,0,0,0,0.0,0.0,1,0,0,0,0,0,0,0.0,0,0.0,0,0,0,0,0,0,0.0,49.0,0.0,0,0,0,0.597864769,0.234293589,0.0,0.0,0.838709677,0.008521819,0.37642746,0.320317373,0.0,0.0,0.7855854720000001,0.000264198,0.13,0.061190409,45,0,0,
8,2,Male,2004-2005,0.352416476214962,0.183275651185525,0.483901515151515,1056,0.208389042655305,0.679125891308712,0.11590539234280302,0.112408083055871,0.156503046136363,0.19656099634753899,9951,properties-of-geometric-figures,1119,noprobtype,20405010,104051119,1096470350,1096470354,3.999999762,1,0,0,0,0,1,0,1,1,1,1,0,0,0.0,0,0,0,49.0,0.0,1,1,1,0,0,1,0,3.9999998,0,0.0,1,0,1,0,1,0,0.0,52.99999976,105.99999950000002,1,0,0,0.35569422799999995,0.992585362,0.9375,0.0,0.6,0.047820604,0.156026644,0.99505322,0.887452499,0.0,0.46825197,0.0014825620000000002,0.061190409,0.213509945,45,0,0,
8,2,Male,2004-2005,0.352416476214962,0.183275651185525,0.483901515151515,1056,0.208389042655305,0.679125891308712,0.11590539234280302,0.112408083055871,0.156503046136363,0.19656099634753899,9952,sum-of-interior-angles-more-than-3-sides,1120,noprobtype,20405010,104051120,1096470354,1096470360,6.000000237999999,0,0,0,0,0,0,0,1,0,0,0,0,0,0.0,0,0,0,0.0,0.0,1,2,0,0,0,0,0,6.0,0,0.0,0,0,1,0,0,0,0.0,6.000000237999999,0.0,2,0,0,0.35569422799999995,0.992585362,0.9375,0.0,0.6,0.047820604,0.156026644,0.99505322,0.887452499,0.0,0.46825197,0.0014825620000000002,0.116,0.033305768,45,0,0,
8,2,Male,2004-2005,0.352416476214962,0.183275651185525,0.483901515151515,1056,0.208389042655305,0.679125891308712,0.11590539234280302,0.112408083055871,0.156503046136363,0.19656099634753899,9953,sum-of-interior-angles-more-than-3-sides,1120,noprobtype,20405010,104051120,1096470360,1096470378,17.99999976,0,0,0,0,0,0,0,2,0,0,0,0,0,0.0,1,0,0,0.0,0.0,1,3,1,0,0,0,0,6.0,1,0.0,0,0,1,0,0,1,0.0,24.0,0.0,3,0,0,0.35569422799999995,0.617065294,0.0,0.0,0.204081633,0.343996291,0.156026644,0.7445197109999999,0.0,0.0,0.10841721,0.010664775,0.116,0.033305768,45,0,0,
8,2,Male,2004-2005,0.352416476214962,0.183275651185525,0.483901515151515,1056,0.208389042655305,0.679125891308712,0.11590539234280302,0.112408083055871,0.156503046136363,0.19656099634753899,9954,sum-of-interior-angles-more-than-3-sides,1121,noprobtype,20405010,104051121,1096470378,1096470380,1.9999997619999998,1,0,0,0,1,0,0,1,0,0,0,0,0,1.0,1,1,1,6.0,0.0,1,3,1,0,0,0,0,1.9999997999999999,1,1.0,0,0,2,0,1,0,0.0,25.99999976,77.99999928,4,0,1,0.35569422799999995,0.617065294,0.0,0.0,0.204081633,0.343996291,0.156026644,0.7445197109999999,0.0,0.0,0.10841721,0.010664775,0.033305768,0.118385889,45,0,0,
8,2,Male,2004-2005,0.352416476214962,0.183275651185525,0.483901515151515,1056,0.208389042655305,0.679125891308712,0.11590539234280302,0.112408083055871,0.156503046136363,0.19656099634753899,9955,sum-of-interior-angles-more-than-3-sides,1121,noprobtype,20405010,104051121,1096470380,1096470439,59.0,0,0,1,1,1,0,0,2,0,0,0,0,0,1.0,1,1,1,6.0,0.0,1,4,2,0,0,0,0,1.9999997999999999,2,1.0,0,0,2,0,0,0,0.0,84.99999976,339.999999,5,0,1,0.597864769,0.42996984200000005,0.0,0.0,0.838709677,0.065362672,0.37642746,0.587838578,0.0,0.0,0.7855854720000001,0.002026412,0.033305768,0.118385889,45,0,0,
8,2,Male,2004-2005,0.352416476214962,0.183275651185525,0.483901515151515,1056,0.208389042655305,0.679125891308712,0.11590539234280302,0.112408083055871,0.156503046136363,0.19656099634753899,9956,sum-of-interior-angles-more-than-3-sides,1121,noprobtype,20405010,104051121,1096470439,1096470454,15.00000024,1,0,0,1,1,0,0,3,0,0,0,0,0,1.0,1,1,1,6.0,0.0,1,4,2,0,0,0,0,1.9999997999999999,2,1.0,0,0,3,0,1,0,0.0,100.0,250.0,5,0,1,0.35569422799999995,0.6833773390000001,0.0,1.0,0.204081633,0.19198053399999998,0.156026644,0.788760727,0.0,1.0,0.10841721,0.005951893000000001,0.033305768,0.118385889,45,0,0,
8,2,Male,2004-2005,0.352416476214962,0.183275651185525,0.483901515151515,1056,0.208389042655305,0.679125891308712,0.11590539234280302,0.112408083055871,0.156503046136363,0.19656099634753899,9957,point-plotting,1088,radioquestion,20405010,104051088,1096470454,1096470515,61.0,0,1,0,0,0,0,0,1,0,0,0,0,0,0.0,0,0,0,0.0,0.0,1,4,0,0,0,0,0,0.0,0,0.0,0,0,3,0,0,0,0.0,61.0,0.0,5,0,1,0.597864769,0.374316861,0.378151261,0.0,0.838709677,0.343996291,0.37642746,0.511751917,0.060808049,0.0,0.7855854720000001,0.010664775,0.348,0.138588022,45,0,0,
8,2,Male,2004-2005,0.352416476214962,0.183275651185525,0.483901515151515,1056,0.208389042655305,0.679125891308712,0.11590539234280302,0.112408083055871,0.156503046136363,0.19656099634753899,9958,transformations-rotations,1089,noprobtype,20405010,104051089,1096470515,1096470533,17.99999976,0,0,0,0,0,1,0,1,1,0,0,0,0,0.0,0,0,0,0.0,0.0,1,5,0,0,0,1,1,18.0,0,0.0,1,0,3,0,0,0,0.0,17.99999976,0.0,5,0,1,0.35569422799999995,0.5254561329999999,0.378151261,0.0,0.9375,0.405194203,0.156026644,0.683401367,0.060808049,0.0,0.91691437,0.012562068000000001,0.168,0.097910759,45,0,0,
8,2,Male,2004-2005,0.352416476214962,0.183275651185525,0.483901515151515,1056,0.208389042655305,0.679125891308712,0.11590539234280302,0.112408083055871,0.156503046136363,0.19656099634753899,9959,transformations-rotations,1089,noprobtype,20405010,104051089,1096470533,1096470533,0.0,0,0,0,0,0,1,0,2,0,0,0,0,0,0.0,0,0,0,0.0,0.0,1,6,1,0,0,1,1,18.0,1,0.0,1,0,3,0,0,0,0.0,17.99999976,0.0,5,0,1,0.35569422799999995,0.5254561329999999,0.378151261,0.0,0.9375,0.405194203,0.156026644,0.683401367,0.060808049,0.0,0.91691437,0.012562068000000001,0.168,0.097910759,45,0,0,
8,2,Male,2004-2005,0.352416476214962,0.183275651185525,0.483901515151515,1056,0.208389042655305,0.679125891308712,0.11590539234280302,0.112408083055871,0.156503046136363,0.19656099634753899,9960,transformations-rotations,1089,noprobtype,20405010,104051089,1096470533,1096470547,14.0,1,0,0,0,0,1,0,3,0,0,0,0,0,0.0,0,0,0,0.0,0.0,1,6,1,0,0,1,1,18.0,1,0.0,1,0,4,0,0,0,0.0,31.99999976,95.99999928,5,0,1,0.35569422799999995,0.812969437,0.0,0.091463415,0.166666667,0.220514618,0.156026644,0.875219922,0.0,0.009561398,0.088540721,0.006836523000000001,0.168,0.097910759,45,0,0,
8,2,Male,2004-2005,0.352416476214962,0.183275651185525,0.483901515151515,1056,0.208389042655305,0.679125891308712,0.11590539234280302,0.112408083055871,0.156503046136363,0.19656099634753899,9961,transformations-rotations,1090,noprobtype,20405010,104051090,1096470547,1096470555,8.0,1,0,0,0,0,1,0,1,1,1,1,0,0,0.0,0,0,0,18.0,0.0,1,6,1,0,0,1,0,8.0,1,1.0,1,0,5,0,1,0,0.0,39.99999976,79.99999952,5,0,1,0.35569422799999995,0.944294909,0.0,0.091463415,0.6,0.090785699,0.156026644,0.962835563,0.0,0.009561398,0.46825197,0.002814591,0.097910759,0.301679313,45,0,0,
8,2,Male,2004-2005,0.352416476214962,0.183275651185525,0.483901515151515,1056,0.208389042655305,0.679125891308712,0.11590539234280302,0.112408083055871,0.156503046136363,0.19656099634753899,9962,point-plotting,1091,noprobtype,20405010,104051091,1096470555,1096470583,28.00000024,0,0,0,0,0,1,0,1,1,0,0,0,0,1.0,1,1,1,61.0,40.0,1,7,1,0,0,1,0,28.0,0,0.0,1,0,5,0,0,0,0.0,89.00000024,0.0,5,0,1,0.597864769,0.202225601,0.796460177,0.0,0.838709677,0.090785699,0.37642746,0.276475227,0.633473626,0.0,0.7855854720000001,0.002814591,0.138588022,0.09379801,45,0,0,
8,2,Male,2004-2005,0.352416476214962,0.183275651185525,0.483901515151515,1056,0.208389042655305,0.679125891308712,0.11590539234280302,0.112408083055871,0.156503046136363,0.19656099634753899,9963,point-plotting,1091,noprobtype,20405010,104051091,1096470583,1096470634,51.0,1,0,0,0,0,1,0,2,0,0,0,0,0,1.0,1,1,1,61.0,40.0,1,8,2,0,0,1,0,28.0,1,0.0,1,0,6,0,1,0,0.0,140.0000002,420.00000070000004,5,0,1,0.35569422799999995,0.627728686,0.0,0.091463415,0.204081633,0.220514618,0.156026644,0.751633943,0.0,0.009561398,0.10841721,0.006836523000000001,0.138588022,0.09379801,45,0,0,
8,2,Male,2004-2005,0.352416476214962,0.183275651185525,0.483901515151515,1056,0.208389042655305,0.679125891308712,0.11590539234280302,0.112408083055871,0.156503046136363,0.19656099634753899,9964,point-plotting,1092,noprobtype,20405010,104051092,1096470634,1096470663,29.0,0,0,0,0,0,1,0,1,1,1,1,0,0,0.5,1,1,1,89.0,0.0,1,8,2,0,0,1,0,29.0,1,2.0,1,0,6,0,0,0,0.0,169.0000002,676.000001,5,0,0,0.597864769,0.183671759,0.796460177,0.0,0.838709677,0.047820604,0.37642746,0.25110911199999997,0.633473626,0.0,0.7855854720000001,0.0014825620000000002,0.09379801,0.086488529,45,0,0,
8,2,Male,2004-2005,0.352416476214962,0.183275651185525,0.483901515151515,1056,0.208389042655305,0.679125891308712,0.11590539234280302,0.112408083055871,0.156503046136363,0.19656099634753899,9965,point-plotting,1092,noprobtype,20405010,104051092,1096470663,1096470667,4.000000238,1,0,0,0,0,1,0,2,0,1,1,0,0,0.5,1,1,1,89.0,0.0,1,9,3,0,0,1,0,29.0,2,2.0,1,0,7,0,1,0,0.0,173.0000005,432.5000012,5,0,0,0.35569422799999995,0.636661971,0.0,0.091463415,0.204081633,0.13686215300000001,0.156026644,0.757593911,0.0,0.009561398,0.10841721,0.004243081,0.09379801,0.086488529,45,0,0,
8,2,Male,2004-2005,0.352416476214962,0.183275651185525,0.483901515151515,1056,0.208389042655305,0.679125891308712,0.11590539234280302,0.112408083055871,0.156503046136363,0.19656099634753899,9966,reading-graph,1074,radioquestion,20405010,104051074,1096470667,1096470750,83.0,1,1,0,0,0,0,0,1,0,0,0,0,0,0.0,0,0,0,0.0,0.0,1,9,0,0,0,0,0,0.0,0,0.0,0,0,8,0,0,0,0.0,83.0,83.0,5,1,0,0.35569422799999995,0.406039197,0.0,0.091463415,0.28070175399999997,0.18697048800000002,0.156026644,0.555121502,0.0,0.009561398,0.149121215,0.0057965690000000005,0.212,0.482958071,45,0,0,
8,2,Male,2004-2005,0.352416476214962,0.183275651185525,0.483901515151515,1056,0.208389042655305,0.679125891308712,0.11590539234280302,0.112408083055871,0.156503046136363,0.19656099634753899,9967,area,1204,textfieldquestion,20405010,104051204,1096470750,1096470801,50.99999976,0,1,0,0,0,0,0,1,0,0,0,0,0,0.0,0,0,0,0.0,0.0,1,10,0,0,0,0,0,0.0,0,0.0,0,0,8,0,0,0,0.0,50.99999976,0.0,5,0,0,0.597864769,0.374316861,0.378151261,0.0,0.222222222,0.18697048800000002,0.37642746,0.511751917,0.060808049,0.0,0.118054295,0.0057965690000000005,0.031,0.022011226,45,0,0,
8,2,Male,2004-2005,0.352416476214962,0.183275651185525,0.483901515151515,1056,0.208389042655305,0.679125891308712,0.11590539234280302,0.112408083055871,0.156503046136363,0.19656099634753899,9968,area,1205,textfieldquestion,20405010,104051205,1096470801,1096470809,8.0,0,0,0,0,0,1,0,1,1,0,0,0,0,1.0,1,1,1,51.0,0.0,1,11,1,0,0,1,0,8.0,0,0.0,1,0,8,0,0,0,0.0,58.99999976,0.0,5,0,0,0.35569422799999995,0.7900972070000001,0.0,0.0,0.204081633,0.13948537800000002,0.156026644,0.8599603920000001,0.0,0.0,0.10841721,0.004324407,0.022011226,0.020825374,45,0,0,
8,2,Male,2004-2005,0.352416476214962,0.183275651185525,0.483901515151515,1056,0.208389042655305,0.679125891308712,0.11590539234280302,0.112408083055871,0.156503046136363,0.19656099634753899,9969,area,1205,textfieldquestion,20405010,104051205,1096470809,1096470818,8.999999762,1,0,0,0,0,1,0,2,0,0,0,0,0,1.0,1,1,1,51.0,0.0,1,12,2,0,0,1,0,8.0,1,0.0,1,0,9,0,0,0,0.0,67.99999952,203.9999986,5,0,1,0.35569422799999995,0.7900972070000001,0.0,0.0,0.204081633,0.13948537800000002,0.156026644,0.8599603920000001,0.0,0.0,0.10841721,0.004324407,0.022011226,0.020825374,45,0,0,
8,2,Male,2004-2005,0.352416476214962,0.183275651185525,0.483901515151515,1056,0.208389042655305,0.679125891308712,0.11590539234280302,0.112408083055871,0.156503046136363,0.19656099634753899,9970,perimeter,1206,textfieldquestion,20405010,104051206,1096470818,1096470839,21.00000048,1,0,0,0,0,1,0,1,1,0,0,0,0,0.0,0,0,0,0.0,0.0,1,12,0,0,0,1,0,21.0,0,0.0,1,0,10,0,0,0,0.0,21.00000048,21.00000048,5,0,0,0.35569422799999995,0.80885501,0.0,0.091463415,0.6,0.047820604,0.156026644,0.872474925,0.0,0.009561398,0.46825197,0.0014825620000000002,0.098,0.327087357,45,0,0,
8,2,Male,2004-2005,0.352416476214962,0.183275651185525,0.483901515151515,1056,0.208389042655305,0.679125891308712,0.11590539234280302,0.112408083055871,0.156503046136363,0.19656099634753899,9971,perimeter,1207,textfieldquestion,20405010,104051207,1096470839,1096470854,14.99999976,1,0,0,0,0,1,0,1,1,1,1,0,0,0.0,0,0,0,21.0,0.0,1,13,1,0,0,1,0,15.0,1,1.0,1,0,11,0,1,0,-0.058501400999999995,36.00000024,36.00000024,5,0,0,0.35569422799999995,0.880670524,0.0,0.091463415,0.6,0.047820604,0.156026644,0.920387657,0.0,0.009561398,0.46825197,0.0014825620000000002,0.327087357,0.674752873,45,0,0,
8,2,Male,2004-2005,0.352416476214962,0.183275651185525,0.483901515151515,1056,0.208389042655305,0.679125891308712,0.11590539234280302,0.112408083055871,0.156503046136363,0.19656099634753899,9972,area,1182,textfieldquestion,20405010,104051182,1096470854,1096470890,36.00000024,0,1,0,0,0,0,0,1,0,1,1,0,0,0.5,1,1,1,59.0,36.0,1,14,2,0,0,0,0,0.0,0,0.0,0,0,11,0,0,0,0.0,103.9999998,415.999999,5,0,0,0.597864769,0.33634855,0.796460177,0.8267716540000001,0.222222222,0.18697048800000002,0.37642746,0.459843073,0.633473626,0.65971998,0.118054295,0.0057965690000000005,0.020825374,0.020670342,45,0,0,
8,2,Male,2004-2005,0.352416476214962,0.183275651185525,0.483901515151515,1056,0.208389042655305,0.679125891308712,0.11590539234280302,0.112408083055871,0.156503046136363,0.19656099634753899,9973,area,1183,radioquestion,20405010,104051183,1096470890,1096470908,17.99999976,1,0,0,0,0,1,0,1,1,1,1,0,0,0.6666667,2,2,2,95.0,0.0,1,15,3,0,0,1,0,18.0,1,3.0,1,0,12,0,1,0,0.0,121.99999950000002,304.9999988,5,0,0,0.35569422799999995,0.650295508,0.0,0.091463415,0.204081633,0.047820604,0.156026644,0.766689717,0.0,0.009561398,0.10841721,0.0014825620000000002,0.020670342,0.09605167,45,0,0,
8,2,Male,2004-2005,0.352416476214962,0.183275651185525,0.483901515151515,1056,0.208389042655305,0.679125891308712,0.11590539234280302,0.112408083055871,0.156503046136363,0.19656099634753899,9974,perimeter,1184,textfieldquestion,20405010,104051184,1096470908,1096470920,12.00000024,1,0,0,0,0,1,0,1,1,2,2,0,0,0.0,0,0,0,36.0,54.0,1,16,2,0,0,1,0,12.0,2,1.0,1,0,13,0,1,0,0.0,48.00000048,48.00000048,5,0,0,0.35569422799999995,0.906167342,0.0,0.091463415,0.6,0.047820604,0.156026644,0.9373982190000001,0.0,0.009561398,0.46825197,0.0014825620000000002,0.674752873,0.897543353,45,0,0,
8,2,Male,2004-2005,0.352416476214962,0.183275651185525,0.483901515151515,1056,0.208389042655305,0.679125891308712,0.11590539234280302,0.112408083055871,0.156503046136363,0.19656099634753899,9975,area,1185,radioquestion,20405010,104051185,1096470920,1096470936,16.0,0,0,0,0,0,1,0,1,1,2,2,0,0,0.5,2,2,2,113.0,12.0,1,17,4,0,0,1,0,16.0,2,2.0,1,0,13,0,0,0,0.0,137.9999995,413.9999986,5,0,0,0.35569422799999995,0.561869574,0.796460177,0.0,0.23076923100000002,0.155965523,0.156026644,0.707695108,0.633473626,0.0,0.122594845,0.004835334,0.09605167,0.031197809,45,0,0,
8,2,Male,2004-2005,0.352416476214962,0.183275651185525,0.483901515151515,1056,0.208389042655305,0.679125891308712,0.11590539234280302,0.112408083055871,0.156503046136363,0.19656099634753899,9976,area,1185,radioquestion,20405010,104051185,1096470936,1096470939,2.999999523,0,0,0,0,0,1,0,2,0,2,2,0,0,0.5,2,2,2,113.0,12.0,1,18,5,0,0,1,0,16.0,3,2.0,1,0,13,0,0,0,0.0,140.999999,493.4999967,5,0,0,0.35569422799999995,0.561869574,0.796460177,0.0,0.23076923100000002,0.155965523,0.156026644,0.707695108,0.633473626,0.0,0.122594845,0.004835334,0.09605167,0.031197809,45,0,0,
8,2,Male,2004-2005,0.352416476214962,0.183275651185525,0.483901515151515,1056,0.208389042655305,0.679125891308712,0.11590539234280302,0.112408083055871,0.156503046136363,0.19656099634753899,9977,area,1185,radioquestion,20405010,104051185,1096470939,1096470941,2.000000477,1,0,0,0,0,1,0,3,0,2,2,0,0,0.5,2,2,2,113.0,12.0,1,18,5,0,0,1,0,16.0,3,2.0,1,0,14,0,0,0,0.0,142.9999995,381.33333210000006,5,0,1,0.35569422799999995,0.644758814,0.0,0.091463415,0.23076923100000002,0.13948537800000002,0.156026644,0.762995834,0.0,0.009561398,0.122594845,0.004324407,0.09605167,0.031197809,45,0,0,
8,2,Male,2004-2005,0.352416476214962,0.183275651185525,0.483901515151515,1056,0.208389042655305,0.679125891308712,0.11590539234280302,0.112408083055871,0.156503046136363,0.19656099634753899,9978,area,1186,textfieldquestion,20405010,104051186,1096470941,1096470950,8.999999523,1,0,0,0,0,1,0,1,1,3,3,0,0,0.4,2,2,2,129.0,0.0,1,18,5,0,0,1,0,8.999999,3,1.6666666,1,0,15,0,0,0,0.0,151.999999,341.9999979,5,0,0,0.35569422799999995,0.644758814,0.0,0.091463415,0.23076923100000002,0.13948537800000002,0.156026644,0.762995834,0.0,0.009561398,0.122594845,0.004324407,0.031197809,0.132307482,45,0,0,
8,2,Male,2004-2005,0.352416476214962,0.183275651185525,0.483901515151515,1056,0.208389042655305,0.679125891308712,0.11590539234280302,0.112408083055871,0.156503046136363,0.19656099634753899,9979,square-root,1093,radioquestion,20405010,104051093,1096470950,1096470991,41.00000024,0,1,0,0,0,0,0,1,0,0,0,0,0,0.0,0,0,0,0.0,0.0,1,19,0,0,0,0,0,0.0,0,0.0,0,0,15,0,0,0,0.0,41.00000024,0.0,5,0,0,0.597864769,0.374316861,0.378151261,0.0,0.222222222,0.18697048800000002,0.37642746,0.511751917,0.060808049,0.0,0.118054295,0.0057965690000000005,0.358,0.152423154,45,0,0,
8,2,Male,2004-2005,0.352416476214962,0.183275651185525,0.483901515151515,1056,0.208389042655305,0.679125891308712,0.11590539234280302,0.112408083055871,0.156503046136363,0.19656099634753899,9980,square-root,1094,radioquestion,20405010,104051094,1096470991,1096470995,4.000000238,0,0,0,0,0,1,0,1,1,0,0,0,0,1.0,1,1,1,41.0,0.0,1,20,1,0,0,1,0,4.0,0,0.0,1,0,15,0,0,0,0.0,45.00000048,0.0,5,0,1,0.35569422799999995,0.458032957,0.0,0.0,0.23076923100000002,0.405194203,0.156026644,0.626205412,0.0,0.0,0.122594845,0.012562068000000001,0.152423154,0.107886221,45,0,0,
8,2,Male,2004-2005,0.352416476214962,0.183275651185525,0.483901515151515,1056,0.208389042655305,0.679125891308712,0.11590539234280302,0.112408083055871,0.156503046136363,0.19656099634753899,9981,square-root,1094,radioquestion,20405010,104051094,1096470995,1096471004,8.999999523,1,0,0,0,0,1,0,2,0,0,0,0,0,1.0,1,1,1,41.0,0.0,1,21,2,0,0,1,0,4.0,1,0.0,1,0,16,0,0,0,0.0,54.0,162.0,5,0,1,0.35569422799999995,0.458032957,0.0,0.0,0.23076923100000002,0.405194203,0.156026644,0.626205412,0.0,0.0,0.122594845,0.012562068000000001,0.152423154,0.107886221,45,0,0,
8,2,Male,2004-2005,0.352416476214962,0.183275651185525,0.483901515151515,1056,0.208389042655305,0.679125891308712,0.11590539234280302,0.112408083055871,0.156503046136363,0.19656099634753899,9982,square-root,1095,textfieldquestion,20405010,104051095,1096471004,1096471011,7.000000477,1,0,0,0,0,1,0,1,1,1,1,0,0,0.5,1,1,1,45.0,0.0,1,21,2,0,0,1,0,7.0000005000000005,1,2.0,1,0,17,0,0,0,0.0,61.00000048,122.000001,5,0,0,0.35569422799999995,0.39933998600000004,0.0,0.091463415,0.204081633,0.047820604,0.156026644,0.5459625920000001,0.0,0.009561398,0.10841721,0.0014825620000000002,0.107886221,0.329185346,45,0,0,
8,2,Male,2004-2005,0.352416476214962,0.183275651185525,0.483901515151515,1056,0.208389042655305,0.679125891308712,0.11590539234280302,0.112408083055871,0.156503046136363,0.19656099634753899,9983,square-root,1096,textfieldquestion,20405010,104051096,1096471011,1096471032,20.99999976,1,0,0,0,0,1,0,1,1,2,2,0,0,0.33333334,1,1,1,52.0,0.0,1,22,3,0,0,1,0,21.0,2,1.5,1,0,18,0,0,0,-1.787081034,82.00000024,136.66666709999998,5,0,0,0.35569422799999995,0.831851711,0.0,0.091463415,0.7142857140000001,0.047820604,0.156026644,0.887817498,0.0,0.009561398,0.620179978,0.0014825620000000002,0.329185346,0.63061613,45,0,0,
8,2,Male,2004-2005,0.352416476214962,0.183275651185525,0.483901515151515,1056,0.208389042655305,0.679125891308712,0.11590539234280302,0.112408083055871,0.156503046136363,0.19656099634753899,9984,square-root,1097,textfieldquestion,20405010,104051097,1096471032,1096471044,11.99999976,1,0,0,0,0,1,0,1,1,3,3,0,0,0.25,1,1,1,73.0,0.0,1,23,4,0,0,1,0,12.0,3,1.3333334,1,0,19,0,1,0,-1.570751107,94.0,141.0,5,0,0,0.35569422799999995,0.583142691,0.0,0.091463415,0.23076923100000002,0.127083563,0.156026644,0.7218877690000001,0.0,0.009561398,0.122594845,0.003939919,0.63061613,0.850947135,45,0,0,
8,2,Male,2004-2005,0.352416476214962,0.183275651185525,0.483901515151515,1056,0.208389042655305,0.679125891308712,0.11590539234280302,0.112408083055871,0.156503046136363,0.19656099634753899,9985,square-root,1098,textfieldquestion,20405010,104051098,1096471044,1096471052,8.0,1,0,0,0,0,1,0,1,1,4,4,0,0,0.2,1,1,1,85.0,0.0,1,24,5,0,0,1,0,8.0,4,1.25,1,0,20,0,1,0,-1.152900496,102.0,142.8,5,0,0,0.35569422799999995,0.583142691,0.0,0.091463415,0.23076923100000002,0.127083563,0.156026644,0.7218877690000001,0.0,0.009561398,0.122594845,0.003939919,0.850947135,0.949682058,45,0,0,
8,2,Male,2004-2005,0.352416476214962,0.183275651185525,0.483901515151515,1056,0.208389042655305,0.679125891308712,0.11590539234280302,0.112408083055871,0.156503046136363,0.19656099634753899,9986,square-root,1099,textfieldquestion,20405010,104051099,1096471052,1096471055,3.0,1,0,0,0,0,1,0,1,1,5,5,0,0,0.16666667,1,0,1,93.0,0.0,1,25,6,0,0,1,0,3.0,5,1.2,1,0,21,0,0,0,-0.171614072,105.0,140.0,5,0,0,0.35569422799999995,0.24548515,0.0,0.091463415,0.6,0.047820604,0.156026644,0.335618054,0.0,0.009561398,0.46825197,0.0014825620000000002,0.949682058,0.984172356,45,0,0,
8,2,Male,2004-2005,0.352416476214962,0.183275651185525,0.483901515151515,1056,0.208389042655305,0.679125891308712,0.11590539234280302,0.112408083055871,0.156503046136363,0.19656099634753899,9987,square-root,1100,radioquestion,20405010,104051100,1096471055,1096471073,18.00000048,1,0,0,0,0,1,0,1,1,5,6,0,0,0.14285715,1,0,1,96.0,0.0,1,26,7,0,0,1,0,18.0,6,1.1666666,1,0,22,0,0,0,-0.24508163,123.00000049999998,158.14285780000003,5,0,0,0.35569422799999995,0.8209624659999999,0.0,0.091463415,0.6,0.047820604,0.156026644,0.880552585,0.0,0.009561398,0.46825197,0.0014825620000000002,0.984172356,0.995137264,45,0,0,
8,2,Male,2004-2005,0.352416476214962,0.183275651185525,0.483901515151515,1056,0.208389042655305,0.679125891308712,0.11590539234280302,0.112408083055871,0.156503046136363,0.19656099634753899,9988,square-root,1101,radioquestion,20405010,104051101,1096471073,1096471077,3.999999762,1,0,0,0,0,1,0,1,1,5,7,0,0,0.125,1,0,1,114.0,0.0,1,27,8,0,0,1,0,3.9999998,7,1.1428572,1,0,23,0,1,0,-0.954319268,127.00000020000002,158.7500003,5,0,0,0.35569422799999995,0.558602215,0.0,0.091463415,0.6,0.047820604,0.156026644,0.705515243,0.0,0.009561398,0.46825197,0.0014825620000000002,0.995137264,0.998516994,45,0,0,
8,2,Male,2004-2005,0.352416476214962,0.183275651185525,0.483901515151515,1056,0.208389042655305,0.679125891308712,0.11590539234280302,0.112408083055871,0.156503046136363,0.19656099634753899,9989,isosceles-triangle,1122,other,20405010,104051122,1096471077,1096471151,74.00000024,0,1,0,0,0,0,0,1,0,0,0,0,0,0.0,0,0,0,0.0,0.0,1,28,0,0,0,0,0,0.0,0,0.0,0,0,23,0,0,0,0.0,74.00000024,0.0,5,0,0,0.597864769,0.374316861,0.378151261,0.0,0.875,0.18697048800000002,0.37642746,0.511751917,0.060808049,0.0,0.8338287409999999,0.0057965690000000005,0.165,0.134752798,45,0,0,
8,2,Male,2004-2005,0.352416476214962,0.183275651185525,0.483901515151515,1056,0.208389042655305,0.679125891308712,0.11590539234280302,0.112408083055871,0.156503046136363,0.19656099634753899,9990,isosceles-triangle,1125,other,20405010,104051125,1096471151,1096471162,11.0,1,0,0,0,0,0,0,1,0,0,0,0,0,1.0,1,1,1,74.0,0.0,1,29,1,0,0,0,0,11.0,0,0.0,0,0,24,0,1,0,0.0,85.00000024,170.0000005,5,0,0,0.35569422799999995,0.626472183,0.0,0.8267716540000001,0.23076923100000002,0.18697048800000002,0.156026644,0.75079565,0.0,0.65971998,0.122594845,0.0057965690000000005,0.134752798,0.464041024,45,0,0,
8,2,Male,2004-2005,0.352416476214962,0.183275651185525,0.483901515151515,1056,0.208389042655305,0.679125891308712,0.11590539234280302,0.112408083055871,0.156503046136363,0.19656099634753899,9991,isosceles-triangle,1125,other,20405010,104051125,1096471162,1096471167,5.0,0,0,0,0,0,0,0,2,0,0,0,0,0,1.0,1,1,1,74.0,0.0,1,30,2,0,0,0,0,11.0,1,0.0,0,0,24,0,0,0,0.0,90.00000024,270.0000007,5,0,0,0.35569422799999995,0.626472183,0.0,0.8267716540000001,0.23076923100000002,0.18697048800000002,0.156026644,0.75079565,0.0,0.65971998,0.122594845,0.0057965690000000005,0.134752798,0.464041024,45,0,0,
8,2,Male,2004-2005,0.352416476214962,0.183275651185525,0.483901515151515,1056,0.208389042655305,0.679125891308712,0.11590539234280302,0.112408083055871,0.156503046136363,0.19656099634753899,9992,isosceles-triangle,1125,other,20405010,104051125,1096471167,1096471176,8.999999523,0,0,0,0,0,0,0,3,0,0,0,0,0,1.0,1,1,1,74.0,0.0,1,30,2,0,0,0,0,11.0,1,0.0,0,0,24,0,0,1,0.0,98.99999976,395.9999991,5,0,0,0.35569422799999995,0.577694501,0.0,0.8267716540000001,0.9375,0.343996291,0.156026644,0.7182529320000001,0.0,0.65971998,0.91691437,0.010664775,0.134752798,0.464041024,45,0,0,
8,2,Male,2004-2005,0.352416476214962,0.183275651185525,0.483901515151515,1056,0.208389042655305,0.679125891308712,0.11590539234280302,0.112408083055871,0.156503046136363,0.19656099634753899,9993,application: isosceles triangle,1126,noprobtype,20405010,104051126,1096471176,1096471177,1.000000238,1,0,0,0,0,0,0,1,0,0,0,0,0,0.0,0,0,0,0.0,0.0,1,30,0,0,0,0,0,1.0000002000000001,0,0.0,0,0,25,0,0,0,0.0,1.000000238,1.000000238,5,0,1,0.35569422799999995,0.577694501,0.0,0.8267716540000001,0.9375,0.343996291,0.156026644,0.7182529320000001,0.0,0.65971998,0.91691437,0.010664775,0.211,0.446526536,45,0,0,
8,2,Male,2004-2005,0.352416476214962,0.183275651185525,0.483901515151515,1056,0.208389042655305,0.679125891308712,0.11590539234280302,0.112408083055871,0.156503046136363,0.19656099634753899,9994,application: isosceles triangle,1126,noprobtype,20405010,104051126,1096471177,1096471196,19.0,0,0,0,0,0,0,0,2,0,0,0,0,0,0.0,0,0,0,0.0,0.0,1,31,1,0,0,0,0,1.0000002000000001,1,0.0,0,0,25,0,0,0,0.0,20.00000024,40.00000048,5,0,1,0.597864769,0.37801737399999996,0.378151261,0.0,0.222222222,0.343996291,0.37642746,0.51681112,0.060808049,0.0,0.118054295,0.010664775,0.211,0.446526536,45,0,0,
8,2,Male,2004-2005,0.352416476214962,0.183275651185525,0.483901515151515,1056,0.208389042655305,0.679125891308712,0.11590539234280302,0.112408083055871,0.156503046136363,0.19656099634753899,9995,application: isosceles triangle,1126,noprobtype,20405010,104051126,1096471196,1096471213,17.00000024,1,0,0,0,0,0,0,3,0,0,0,0,0,0.0,0,0,0,0.0,0.0,1,31,1,0,0,0,0,1.0000002000000001,1,0.0,0,0,26,0,1,0,0.0,37.00000048,55.50000072,5,0,1,0.35569422799999995,0.5753760760000001,0.0,0.091463415,0.6,0.343996291,0.156026644,0.716706162,0.0,0.009561398,0.46825197,0.010664775,0.211,0.446526536,45,0,0,
8,2,Male,2004-2005,0.352416476214962,0.183275651185525,0.483901515151515,1056,0.208389042655305,0.679125891308712,0.11590539234280302,0.112408083055871,0.156503046136363,0.19656099634753899,9996,multiplying-decimals,1113,noprobtype,20405010,104051113,1096471213,1096471293,79.99999976,1,1,0,0,0,0,0,1,0,0,0,0,0,0.0,0,0,0,0.0,0.0,1,31,0,0,0,0,0,0.0,0,0.0,0,0,27,0,1,0,0.0,79.99999976,79.99999976,5,0,1,0.35569422799999995,0.5788804329999999,0.0,0.091463415,0.28070175399999997,0.343996291,0.156026644,0.719044143,0.0,0.009561398,0.149121215,0.010664775,0.253,0.5266067,45,0,0,
8,2,Male,2004-2005,0.352416476214962,0.183275651185525,0.483901515151515,1056,0.208389042655305,0.679125891308712,0.11590539234280302,0.112408083055871,0.156503046136363,0.19656099634753899,9997,area,1215,other,20405010,104051215,1096471293,1096471315,22.00000024,0,1,0,0,0,0,0,1,0,4,4,0,0,0.33333334,2,1,2,138.0,343.0,1,32,6,0,0,0,0,0.0,0,0.0,0,0,27,0,0,0,0.0,173.9999993,434.9999982,5,0,0,0.597864769,0.314281518,0.796460177,0.8267716540000001,0.222222222,0.18697048800000002,0.37642746,0.42967385799999996,0.633473626,0.65971998,0.118054295,0.0057965690000000005,0.132307482,0.036829004,45,0,0,
8,2,Male,2004-2005,0.352416476214962,0.183275651185525,0.483901515151515,1056,0.208389042655305,0.679125891308712,0.11590539234280302,0.112408083055871,0.156503046136363,0.19656099634753899,9998,proportion,1216,noprobtype,20405010,104051216,1096471315,1096471338,22.99999976,1,0,0,0,0,1,0,1,1,0,0,0,0,0.0,0,0,0,0.0,0.0,1,33,0,0,0,1,0,23.0,0,0.0,1,0,28,0,1,0,0.0,22.99999976,22.99999976,5,0,0,0.35569422799999995,0.849527771,0.0,0.091463415,0.6,0.047820604,0.156026644,0.899610331,0.0,0.009561398,0.46825197,0.0014825620000000002,0.181,0.420497363,45,0,0,
8,2,Male,2004-2005,0.352416476214962,0.183275651185525,0.483901515151515,1056,0.208389042655305,0.679125891308712,0.11590539234280302,0.112408083055871,0.156503046136363,0.19656099634753899,9999,perimeter,1217,noprobtype,20405010,104051217,1096471338,1096471346,8.0,1,0,0,0,0,1,0,1,1,3,3,0,0,0.0,0,0,0,48.0,418.0,1,34,3,0,0,1,0,8.0,3,1.0,1,0,29,0,1,0,0.0,56.00000048,56.00000048,5,0,0,0.35569422799999995,0.8798659879999999,0.0,0.091463415,0.23076923100000002,0.127083563,0.156026644,0.9198509,0.0,0.009561398,0.122594845,0.003939919,0.897543353,0.973613692,45,0,0,
8,2,Male,2004-2005,0.352416476214962,0.183275651185525,0.483901515151515,1056,0.208389042655305,0.679125891308712,0.11590539234280302,0.112408083055871,0.156503046136363,0.19656099634753899,10000,area,1218,noprobtype,20405010,104051218,1096471346,1096471354,8.0,1,0,0,0,0,1,0,1,1,3,4,0,0,0.42857143,3,2,3,160.0,31.0,1,35,7,0,0,1,0,8.0,4,1.75,1,0,30,0,0,0,0.125367263,181.9999993,400.39999839999996,5,0,0,0.35569422799999995,0.8798659879999999,0.0,0.091463415,0.23076923100000002,0.127083563,0.156026644,0.9198509,0.0,0.009561398,0.122594845,0.003939919,0.036829004,0.150831289,45,0,0,
8,2,Male,2004-2005,0.352416476214962,0.183275651185525,0.483901515151515,1056,0.208389042655305,0.679125891308712,0.11590539234280302,0.112408083055871,0.156503046136363,0.19656099634753899,10001,area,1231,textfieldquestion,20405010,104051231,1096471354,1096471398,44.0,0,1,0,0,0,0,0,1,0,4,5,0,0,0.375,3,1,3,168.0,0.0,1,36,8,0,0,0,0,0.0,0,0.0,0,0,30,0,0,0,0.0,225.9999993,542.3999982999999,5,0,0,0.597864769,0.315727711,0.0,0.882352941,0.23076923100000002,0.18697048800000002,0.37642746,0.431651038,0.0,0.768900735,0.122594845,0.0057965690000000005,0.150831289,0.039864295,45,0,0,
8,2,Male,2004-2005,0.352416476214962,0.183275651185525,0.483901515151515,1056,0.208389042655305,0.679125891308712,0.11590539234280302,0.112408083055871,0.156503046136363,0.19656099634753899,10002,pythagorean-theorem,1232,noprobtype,20405010,104051232,1096471398,1096471434,35.99999976,1,0,0,0,0,1,0,1,1,0,0,0,0,0.0,0,0,0,0.0,0.0,1,37,0,0,0,1,0,36.0,0,0.0,1,0,31,0,1,0,0.0,35.99999976,35.99999976,5,0,0,0.35569422799999995,0.7295691940000001,0.0,0.091463415,0.23076923100000002,0.047820604,0.156026644,0.819578274,0.0,0.009561398,0.122594845,0.0014825620000000002,0.095,0.25986175,45,0,0,
8,2,Male,2004-2005,0.352416476214962,0.183275651185525,0.483901515151515,1056,0.208389042655305,0.679125891308712,0.11590539234280302,0.112408083055871,0.156503046136363,0.19656099634753899,10003,area,1233,noprobtype,20405010,104051233,1096471434,1096471458,24.00000048,0,0,0,0,0,1,0,1,1,3,5,0,0,0.44444445,4,2,3,212.0,36.0,1,38,9,0,0,1,0,24.0,5,1.8,1,0,31,0,0,0,0.0,249.9999998,649.9999994,5,0,0,0.597864769,0.535779684,0.0,0.0,0.23076923100000002,0.047820604,0.37642746,0.69028887,0.0,0.0,0.122594845,0.0014825620000000002,0.039864295,0.023199514,45,0,0,
8,2,Male,2004-2005,0.352416476214962,0.183275651185525,0.483901515151515,1056,0.208389042655305,0.679125891308712,0.11590539234280302,0.112408083055871,0.156503046136363,0.19656099634753899,10004,area,1233,noprobtype,20405010,104051233,1096471458,1096471497,38.99999976,1,0,0,0,0,1,0,2,0,3,5,0,0,0.44444445,4,2,3,212.0,36.0,1,39,10,0,0,1,0,24.0,6,1.8,1,0,32,0,1,0,0.0,288.9999995,674.3333322000001,5,0,0,0.35569422799999995,0.575131638,0.0,0.091463415,0.23076923100000002,0.13686215300000001,0.156026644,0.716543081,0.0,0.009561398,0.122594845,0.004243081,0.039864295,0.023199514,45,0,0,
8,2,Male,2004-2005,0.352416476214962,0.183275651185525,0.483901515151515,1056,0.208389042655305,0.679125891308712,0.11590539234280302,0.112408083055871,0.156503046136363,0.19656099634753899,10005,interpreting-linear-equations,1077,radioquestion,20405010,104051077,1096471497,1096471529,32.0,0,1,0,0,0,0,0,1,0,0,0,0,0,0.0,0,0,0,0.0,0.0,1,39,0,0,0,0,0,0.0,0,0.0,0,0,32,0,0,0,0.0,32.0,0.0,5,0,0,0.597864769,0.374316861,0.378151261,0.0,0.23076923100000002,0.18697048800000002,0.37642746,0.511751917,0.060808049,0.0,0.122594845,0.0057965690000000005,0.074,0.044950644,45,0,0,
8,2,Male,2004-2005,0.352416476214962,0.183275651185525,0.483901515151515,1056,0.208389042655305,0.679125891308712,0.11590539234280302,0.112408083055871,0.156503046136363,0.19656099634753899,10006,interpreting-linear-equations,1078,noprobtype,20405010,104051078,1096471529,1096471544,15.00000024,1,0,0,0,0,1,0,1,1,0,0,0,0,1.0,1,1,1,32.0,0.0,1,40,1,0,0,1,0,15.0,0,0.0,1,0,33,0,1,0,0.0,47.00000024,94.00000048,5,0,1,0.35569422799999995,0.376849864,0.0,0.091463415,0.23076923100000002,0.090785699,0.156026644,0.515214944,0.0,0.009561398,0.122594845,0.002814591,0.044950644,0.183449789,45,0,0,
8,2,Male,2004-2005,0.352416476214962,0.183275651185525,0.483901515151515,1056,0.208389042655305,0.679125891308712,0.11590539234280302,0.112408083055871,0.156503046136363,0.19656099634753899,10007,interpreting-linear-equations,1079,noprobtype,20405010,104051079,1096471544,1096471566,21.99999952,1,0,0,0,0,1,0,1,1,1,1,0,0,0.5,1,1,1,47.0,0.0,1,41,2,0,0,1,0,22.0,1,2.0,1,0,34,0,1,0,0.0,68.99999976,103.4999996,5,0,0,0.35569422799999995,0.55995854,0.0,0.091463415,0.23076923100000002,0.047820604,0.156026644,0.706420135,0.0,0.009561398,0.122594845,0.0014825620000000002,0.183449789,0.483350094,45,0,0,
8,2,Male,2004-2005,0.352416476214962,0.183275651185525,0.483901515151515,1056,0.208389042655305,0.679125891308712,0.11590539234280302,0.112408083055871,0.156503046136363,0.19656099634753899,10008,interpreting-linear-equations,1080,noprobtype,20405010,104051080,1096471566,1096471598,32.0,0,0,0,0,1,1,0,1,1,2,2,0,0,0.33333334,1,1,1,69.0,0.0,1,42,3,0,0,1,0,32.0,2,1.5,1,0,34,0,0,0,0.0,100.9999998,201.9999995,5,0,0,0.597864769,0.187772345,0.796460177,0.0,0.23076923100000002,0.047820604,0.37642746,0.25671527899999996,0.633473626,0.0,0.122594845,0.0014825620000000002,0.483350094,0.139909376,45,0,0,
8,2,Male,2004-2005,0.352416476214962,0.183275651185525,0.483901515151515,1056,0.208389042655305,0.679125891308712,0.11590539234280302,0.112408083055871,0.156503046136363,0.19656099634753899,10009,interpreting-linear-equations,1080,noprobtype,20405010,104051080,1096471598,1096471611,13.00000048,0,0,1,1,1,0,0,2,0,2,2,0,0,0.33333334,1,1,1,69.0,0.0,1,43,4,0,0,1,0,32.0,3,1.5,1,0,34,0,0,0,0.0,114.00000020000002,285.0000006,5,0,0,0.597864769,0.187772345,0.0,0.0,0.23076923100000002,0.0040346259999999995,0.37642746,0.25671527899999996,0.0,0.0,0.122594845,0.000125084,0.483350094,0.139909376,45,0,0,
8,2,Male,2004-2005,0.352416476214962,0.183275651185525,0.483901515151515,1056,0.208389042655305,0.679125891308712,0.11590539234280302,0.112408083055871,0.156503046136363,0.19656099634753899,10010,interpreting-linear-equations,1080,noprobtype,20405010,104051080,1096471611,1096471639,27.99999952,1,0,0,1,1,1,0,3,0,2,2,0,0,0.33333334,1,1,1,69.0,0.0,1,43,4,0,0,1,0,32.0,3,1.5,1,0,35,0,1,0,0.0,141.9999998,283.9999995,5,0,1,0.35569422799999995,0.665296764,0.0,1.0,0.23076923100000002,0.010143818,0.156026644,0.7766980170000001,0.0,1.0,0.122594845,0.000314485,0.483350094,0.139909376,45,0,0,
8,2,Male,2004-2005,0.352416476214962,0.183275651185525,0.483901515151515,1056,0.208389042655305,0.679125891308712,0.11590539234280302,0.112408083055871,0.156503046136363,0.19656099634753899,10011,interpreting-linear-equations,1081,noprobtype,20405010,104051081,1096471639,1096471655,16.0,0,0,0,0,0,1,0,1,1,3,3,0,0,0.25,1,1,1,101.0,0.0,1,43,4,0,0,1,0,16.0,3,1.3333334,1,0,35,0,0,0,0.0,157.9999998,368.66666610000004,5,0,0,0.35569422799999995,0.187772345,0.796460177,0.0,0.23076923100000002,0.13948537800000002,0.156026644,0.25671527899999996,0.633473626,0.0,0.122594845,0.004324407,0.139909376,0.055041037,45,0,0,
8,2,Male,2004-2005,0.352416476214962,0.183275651185525,0.483901515151515,1056,0.208389042655305,0.679125891308712,0.11590539234280302,0.112408083055871,0.156503046136363,0.19656099634753899,10012,interpreting-linear-equations,1081,noprobtype,20405010,104051081,1096471655,1096471658,3.000000238,0,0,0,0,0,1,0,2,0,3,3,0,0,0.25,1,1,1,101.0,0.0,1,44,5,0,0,1,0,16.0,4,1.3333334,1,0,35,0,0,0,0.0,161.0,429.33333330000005,5,0,1,0.35569422799999995,0.187772345,0.796460177,0.0,0.23076923100000002,0.13948537800000002,0.156026644,0.25671527899999996,0.633473626,0.0,0.122594845,0.004324407,0.139909376,0.055041037,45,0,0,
8,2,Male,2004-2005,0.352416476214962,0.183275651185525,0.483901515151515,1056,0.208389042655305,0.679125891308712,0.11590539234280302,0.112408083055871,0.156503046136363,0.19656099634753899,10013,interpreting-linear-equations,1081,noprobtype,20405010,104051081,1096471658,1096471660,1.9999997619999998,1,0,0,0,0,1,0,3,0,3,3,0,0,0.25,1,1,1,101.0,0.0,1,44,5,0,0,1,0,16.0,4,1.3333334,1,0,36,1,0,0,0.0,162.9999998,366.7499995,5,0,1,0.35569422799999995,0.7746469359999999,0.0,0.091463415,0.23076923100000002,0.405194203,0.156026644,0.849652526,0.0,0.009561398,0.122594845,0.012562068000000001,0.139909376,0.055041037,45,0,0,
8,2,Male,2004-2005,0.352416476214962,0.183275651185525,0.483901515151515,1056,0.208389042655305,0.679125891308712,0.11590539234280302,0.112408083055871,0.156503046136363,0.19656099634753899,10014,interpreting-linear-equations,1082,noprobtype,20405010,104051082,1096471660,1096471667,7.000000477,1,0,0,0,0,1,0,1,1,4,4,0,0,0.2,1,1,1,117.0,0.0,1,44,5,0,0,1,0,7.0000005000000005,4,1.25,1,0,37,0,0,0,0.0,170.0000002,340.0000005,5,0,1,0.35569422799999995,0.7746469359999999,0.0,0.091463415,0.23076923100000002,0.405194203,0.156026644,0.849652526,0.0,0.009561398,0.122594845,0.012562068000000001,0.055041037,0.212237478,45,0,0,
8,2,Male,2004-2005,0.352416476214962,0.183275651185525,0.483901515151515,1056,0.208389042655305,0.679125891308712,0.11590539234280302,0.112408083055871,0.156503046136363,0.19656099634753899,10015,multiplying-decimals,1160,radioquestion,20405010,104051160,1096471667,1096471706,38.99999952,1,1,0,0,0,0,0,1,0,0,0,0,0,0.0,0,0,0,80.0,374.0,1,45,1,0,0,0,0,0.0,0,0.0,0,0,38,0,0,0,-1.6385260469999998,118.9999993,118.9999993,5,0,0,0.35569422799999995,0.592422459,0.0,0.091463415,0.23076923100000002,0.18697048800000002,0.156026644,0.728078896,0.0,0.009561398,0.122594845,0.0057965690000000005,0.5266067,0.780148343,45,0,0,
8,2,Male,2004-2005,0.352416476214962,0.183275651185525,0.483901515151515,1056,0.208389042655305,0.679125891308712,0.11590539234280302,0.112408083055871,0.156503046136363,0.19656099634753899,10016,square-root,1066,radioquestion,20405010,104051066,1096471706,1096471714,8.0,1,1,0,0,0,0,0,1,0,5,8,0,0,0.11111111,1,0,0,118.0,629.0,1,46,9,0,0,0,0,0.0,0,0.0,0,0,39,0,1,0,-2.83951014,135.0000002,165.0000003,5,0,0,0.35569422799999995,0.5788804329999999,0.0,0.091463415,0.23076923100000002,0.18697048800000002,0.156026644,0.719044143,0.0,0.009561398,0.122594845,0.0057965690000000005,0.998516994,0.999548744,45,0,0,
8,2,Male,2004-2005,0.352416476214962,0.183275651185525,0.483901515151515,1056,0.208389042655305,0.679125891308712,0.11590539234280302,0.112408083055871,0.156503046136363,0.19656099634753899,10017,pattern-finding,1190,radioquestion,20405010,104051190,1096471714,1096471845,131.0000005,1,1,0,0,0,0,0,1,0,0,0,0,0,0.0,0,0,0,0.0,0.0,1,47,0,0,0,0,0,0.0,0,0.0,0,0,40,0,0,0,-2.836511887,131.0000005,131.0000005,5,1,0,0.680981595,0.406039197,0.0,0.091463415,0.916666667,0.18697048800000002,0.505312886,0.555121502,0.0,0.009561398,0.88921916,0.0057965690000000005,0.271,0.54175551,45,0,0,
8,2,Male,2004-2005,0.352416476214962,0.183275651185525,0.483901515151515,1056,0.208389042655305,0.679125891308712,0.11590539234280302,0.112408083055871,0.156503046136363,0.19656099634753899,10018,proportion,1174,noprobtype,20405010,104051174,1096471845,1096471880,35.0,0,1,0,0,0,0,0,1,0,1,1,0,0,0.0,0,0,0,23.0,507.0,1,48,1,0,0,0,0,0.0,0,0.0,0,0,40,0,0,0,0.0,57.99999976,115.99999950000002,5,0,0,0.597864769,0.374316861,0.378151261,0.0,0.23076923100000002,0.18697048800000002,0.37642746,0.511751917,0.060808049,0.0,0.122594845,0.0057965690000000005,0.420497363,0.125519089,45,0,0,
8,2,Male,2004-2005,0.352416476214962,0.183275651185525,0.483901515151515,1056,0.208389042655305,0.679125891308712,0.11590539234280302,0.112408083055871,0.156503046136363,0.19656099634753899,10019,proportion,1175,radioquestion,20405010,104051175,1096471880,1096471894,13.99999952,1,0,0,0,0,1,0,1,1,1,1,0,0,0.5,1,1,1,58.0,0.0,1,49,2,0,0,1,0,13.999998999999999,1,2.0,1,0,41,0,1,0,0.0,71.99999928,107.99999890000001,5,0,0,0.35569422799999995,0.34634174700000003,0.0,0.091463415,0.23076923100000002,0.047820604,0.156026644,0.473505396,0.0,0.009561398,0.122594845,0.0014825620000000002,0.125519089,0.326139329,45,0,0,
8,2,Male,2004-2005,0.352416476214962,0.183275651185525,0.483901515151515,1056,0.208389042655305,0.679125891308712,0.11590539234280302,0.112408083055871,0.156503046136363,0.19656099634753899,10020,proportion,1176,textfieldquestion,20405010,104051176,1096471894,1096471909,15.00000048,1,0,0,0,0,1,0,1,1,2,2,0,0,0.33333334,1,1,1,72.0,0.0,1,50,3,0,0,1,0,15.000001000000001,2,1.5,1,0,42,0,1,0,0.0,86.99999976,115.9999997,5,0,0,0.35569422799999995,0.376849885,0.0,0.091463415,0.23076923100000002,0.047820604,0.156026644,0.515214972,0.0,0.009561398,0.122594845,0.0014825620000000002,0.326139329,0.607215022,45,0,0,
8,2,Male,2004-2005,0.352416476214962,0.183275651185525,0.483901515151515,1056,0.208389042655305,0.679125891308712,0.11590539234280302,0.112408083055871,0.156503046136363,0.19656099634753899,10021,application: compare points,673,noprobtype,20405169,104050673,1096826923,1096826935,12.00000024,1,0,0,0,0,0,0,1,0,0,0,0,0,0.0,0,0,0,0.0,0.0,0,51,0,0,0,0,0,12.0,0,0.0,0,0,43,0,1,0,1.6563786059999999,12.00000024,12.00000024,5,0,0,0.35569422799999995,0.631233529,0.0,0.091463415,0.23076923100000002,0.18697048800000002,0.156026644,0.753972249,0.0,0.009561398,0.122594845,0.0057965690000000005,0.989,0.999963503,45,0,0,
8,2,Male,2004-2005,0.352416476214962,0.183275651185525,0.483901515151515,1056,0.208389042655305,0.679125891308712,0.11590539234280302,0.112408083055871,0.156503046136363,0.19656099634753899,10022,application: multi-column subtraction,674,noprobtype,20405169,104050674,1096826935,1096826947,11.99999952,1,0,0,0,2,0,0,1,0,0,0,0,0,0.0,0,0,0,0.0,0.0,0,52,0,0,0,0,0,11.999999,0,0.0,0,0,44,0,1,0,0.419644956,11.99999952,11.99999952,5,0,0,0.35569422799999995,0.787848219,0.0,0.0,0.23076923100000002,0.18697048800000002,0.156026644,0.8584599479999999,0.0,0.0,0.122594845,0.0057965690000000005,0.989,0.999963503,45,0,0,
8,2,Male,2004-2005,0.352416476214962,0.183275651185525,0.483901515151515,1056,0.208389042655305,0.679125891308712,0.11590539234280302,0.112408083055871,0.156503046136363,0.19656099634753899,10023,application: multi-column subtraction,675,noprobtype,20405169,104050675,1096826947,1096826955,8.0,1,0,0,0,0,0,0,1,0,0,0,0,0,0.0,0,0,0,11.999999,0.0,0,53,1,0,0,0,0,8.0,1,1.0,0,0,45,0,1,0,-1.770129335,19.99999952,19.99999952,5,0,0,0.35569422799999995,0.787848219,0.0,0.0,0.23076923100000002,0.18697048800000002,0.156026644,0.8584599479999999,0.0,0.0,0.122594845,0.0057965690000000005,0.999963503,0.99999988,45,0,0,
8,2,Male,2004-2005,0.352416476214962,0.183275651185525,0.483901515151515,1056,0.208389042655305,0.679125891308712,0.11590539234280302,0.112408083055871,0.156503046136363,0.19656099634753899,10024,application: simple multiplication,676,noprobtype,20405169,104050676,1096826955,1096826965,10.00000048,1,0,0,0,0,0,0,1,0,0,0,0,0,0.0,0,0,0,0.0,0.0,0,54,0,0,0,0,0,10.000001,0,0.0,0,0,46,0,0,0,-2.9036338410000004,10.00000048,10.00000048,5,0,0,0.35569422799999995,0.6088503439999999,0.0,0.091463415,0.23076923100000002,0.18697048800000002,0.156026644,0.7390389909999999,0.0,0.009561398,0.122594845,0.0057965690000000005,0.989,0.996685452,45,0,0,
8,2,Male,2004-2005,0.352416476214962,0.183275651185525,0.483901515151515,1056,0.208389042655305,0.679125891308712,0.11590539234280302,0.112408083055871,0.156503046136363,0.19656099634753899,10025,application: simple multiplication,676,noprobtype,20405169,104050676,1096826965,1096826984,19.0,1,0,0,0,0,0,0,2,0,0,0,0,0,0.0,0,0,0,0.0,0.0,0,55,1,0,0,0,0,10.000001,1,0.0,0,0,47,0,1,0,-4.452623382,29.00000048,29.00000048,5,0,0,0.35569422799999995,0.626963133,0.0,0.091463415,0.23076923100000002,0.18697048800000002,0.156026644,0.751123194,0.0,0.009561398,0.122594845,0.0057965690000000005,0.989,0.996685452,45,0,0,
8,2,Male,2004-2005,0.352416476214962,0.183275651185525,0.483901515151515,1056,0.208389042655305,0.679125891308712,0.11590539234280302,0.112408083055871,0.156503046136363,0.19656099634753899,10026,application: compare expressions,667,noprobtype,20405169,104050667,1096826984,1096827002,17.99999976,1,0,0,0,0,0,0,1,0,0,0,0,0,0.0,0,0,0,0.0,0.0,0,55,0,0,0,0,0,18.0,0,0.0,0,0,48,0,1,0,-4.269119484,17.99999976,17.99999976,5,0,0,0.35569422799999995,0.755021935,0.0,0.091463415,0.23076923100000002,0.18697048800000002,0.156026644,0.83655943,0.0,0.009561398,0.122594845,0.0057965690000000005,0.989,0.996685452,45,0,0,
8,2,Male,2004-2005,0.352416476214962,0.183275651185525,0.483901515151515,1056,0.208389042655305,0.679125891308712,0.11590539234280302,0.112408083055871,0.156503046136363,0.19656099634753899,10027,application: compare expressions,667,noprobtype,20405169,104050667,1096827002,1096827009,6.999999762000001,1,0,0,0,0,0,0,2,0,0,0,0,0,0.0,0,0,0,0.0,0.0,0,56,1,0,0,0,0,18.0,1,0.0,0,0,49,0,1,0,-1.8417573530000002,24.99999952,24.99999952,5,0,0,0.35569422799999995,0.627092208,0.0,0.091463415,0.23076923100000002,0.18697048800000002,0.156026644,0.751209308,0.0,0.009561398,0.122594845,0.0057965690000000005,0.989,0.996685452,45,0,0,
8,2,Male,2004-2005,0.352416476214962,0.183275651185525,0.483901515151515,1056,0.208389042655305,0.679125891308712,0.11590539234280302,0.112408083055871,0.156503046136363,0.19656099634753899,10028,application: compare expressions,667,noprobtype,20405169,104050667,1096827009,1096827018,9.000000238,1,0,0,0,0,0,0,3,0,0,0,0,0,0.0,0,0,0,0.0,0.0,0,56,1,0,0,0,0,18.0,1,0.0,0,0,50,0,0,0,1.68503776,33.99999976,33.99999976,5,0,0,0.35569422799999995,0.627092208,0.0,0.091463415,0.23076923100000002,0.18697048800000002,0.156026644,0.751209308,0.0,0.009561398,0.122594845,0.0057965690000000005,0.989,0.996685452,45,0,0,
8,2,Male,2004-2005,0.352416476214962,0.183275651185525,0.483901515151515,1056,0.208389042655305,0.679125891308712,0.11590539234280302,0.112408083055871,0.156503046136363,0.19656099634753899,10029,application: compare expressions,667,noprobtype,20405169,104050667,1096827018,1096827021,3.000000238,1,0,0,0,0,0,0,4,0,0,0,0,0,0.0,0,0,0,0.0,0.0,0,56,1,0,0,0,0,18.0,1,0.0,0,0,51,0,0,0,2.630901133,37.0,37.0,5,0,0,0.35569422799999995,0.627092208,0.0,0.091463415,0.23076923100000002,0.18697048800000002,0.156026644,0.751209308,0.0,0.009561398,0.122594845,0.0057965690000000005,0.989,0.996685452,45,0,0,
8,2,Male,2004-2005,0.352416476214962,0.183275651185525,0.483901515151515,1056,0.208389042655305,0.679125891308712,0.11590539234280302,0.112408083055871,0.156503046136363,0.19656099634753899,10030,application: compare expressions,667,noprobtype,20405169,104050667,1096827021,1096827024,3.0,1,0,0,0,0,0,0,5,0,0,0,0,0,0.0,0,0,0,0.0,0.0,0,56,1,0,0,0,0,18.0,1,0.0,0,0,52,0,0,0,0.010464345,40.0,40.0,5,0,0,0.35569422799999995,0.733966178,0.0,0.091463415,0.23076923100000002,0.18697048800000002,0.156026644,0.822511784,0.0,0.009561398,0.122594845,0.0057965690000000005,0.989,0.996685452,45,0,0,
8,2,Male,2004-2005,0.352416476214962,0.183275651185525,0.483901515151515,1056,0.208389042655305,0.679125891308712,0.11590539234280302,0.112408083055871,0.156503046136363,0.19656099634753899,10031,application: order of operations,668,noprobtype,20405169,104050668,1096827024,1096827039,14.99999976,1,0,0,0,0,0,0,1,0,0,0,0,0,0.0,0,0,0,0.0,0.0,0,56,0,0,0,0,0,15.0,0,0.0,0,0,53,0,0,0,-3.6466218489999997,14.99999976,14.99999976,5,0,0,0.35569422799999995,0.733966178,0.0,0.091463415,0.23076923100000002,0.18697048800000002,0.156026644,0.822511784,0.0,0.009561398,0.122594845,0.0057965690000000005,0.989,0.999963503,45,0,0,
8,2,Male,2004-2005,0.352416476214962,0.183275651185525,0.483901515151515,1056,0.208389042655305,0.679125891308712,0.11590539234280302,0.112408083055871,0.156503046136363,0.19656099634753899,10032,application: order of operations,668,noprobtype,20405169,104050668,1096827039,1096827043,4.000000238,1,0,0,0,0,0,0,2,0,0,0,0,0,0.0,0,0,0,0.0,0.0,0,57,1,0,0,0,0,15.0,1,0.0,0,0,54,0,1,0,-4.454486789,19.0,19.0,5,0,0,0.35569422799999995,0.6928326709999999,0.0,0.091463415,0.23076923100000002,0.18697048800000002,0.156026644,0.795068985,0.0,0.009561398,0.122594845,0.0057965690000000005,0.989,0.999963503,45,0,0,
8,2,Male,2004-2005,0.352416476214962,0.183275651185525,0.483901515151515,1056,0.208389042655305,0.679125891308712,0.11590539234280302,0.112408083055871,0.156503046136363,0.19656099634753899,10033,application: multi-column addition,677,noprobtype,20405169,104050677,1096827043,1096827064,21.0,1,0,0,0,0,0,0,1,0,0,0,0,0,0.0,0,0,0,0.0,0.0,0,57,0,0,0,0,0,21.0,0,0.0,0,0,55,0,0,0,-3.154106487,21.0,21.0,5,0,0,0.35569422799999995,0.7393927690000001,0.0,0.091463415,0.23076923100000002,0.18697048800000002,0.156026644,0.8261322109999999,0.0,0.009561398,0.122594845,0.0057965690000000005,0.989,0.999963503,45,0,0,
8,2,Male,2004-2005,0.352416476214962,0.183275651185525,0.483901515151515,1056,0.208389042655305,0.679125891308712,0.11590539234280302,0.112408083055871,0.156503046136363,0.19656099634753899,10034,application: compare points,672,noprobtype,20405169,104050672,1096827064,1096827189,124.99999950000002,1,0,0,0,0,0,0,1,0,0,0,0,0,0.0,0,0,0,12.0,129.0,0,58,1,0,0,0,0,125.0,1,1.0,0,0,56,0,1,0,-1.351098091,136.9999997,136.9999997,5,1,0,0.680981595,0.284684998,0.0,0.091463415,0.578947368,0.18697048800000002,0.505312886,0.38921061,0.0,0.009561398,0.44026523100000003,0.0057965690000000005,0.999963503,0.99999988,45,0,0,
8,2,Male,2004-2005,0.352416476214962,0.183275651185525,0.483901515151515,1056,0.208389042655305,0.679125891308712,0.11590539234280302,0.112408083055871,0.156503046136363,0.19656099634753899,10035,application: compare points,673,noprobtype,20405169,104050673,1096827189,1096827214,25.00000024,1,0,0,0,0,0,0,1,0,0,0,0,0,0.0,0,0,0,137.0,0.0,0,59,2,0,0,0,0,25.0,2,1.0,0,0,57,0,1,0,-0.693492705,162.0,162.0,5,0,0,0.35569422799999995,0.74432373,0.0,0.091463415,0.23076923100000002,0.18697048800000002,0.156026644,0.8294219709999999,0.0,0.009561398,0.122594845,0.0057965690000000005,0.99999988,1,45,0,0,
8,2,Male,2004-2005,0.352416476214962,0.183275651185525,0.483901515151515,1056,0.208389042655305,0.679125891308712,0.11590539234280302,0.112408083055871,0.156503046136363,0.19656099634753899,10036,noskill,662,noprobtype,20405169,104050662,1096827214,1096827230,16.0,1,0,0,0,0,0,0,1,0,0,0,0,0,0.0,0,0,0,0.0,0.0,0,60,0,0,0,0,0,16.0,0,0.0,0,0,58,0,1,0,0.630471188,16.0,16.0,5,0,0,0.35569422799999995,0.71974183,0.0,0.091463415,0.23076923100000002,0.18697048800000002,0.156026644,0.81302181,0.0,0.009561398,0.122594845,0.0057965690000000005,0.241,0.494312943,45,0,0,
8,2,Male,2004-2005,0.352416476214962,0.183275651185525,0.483901515151515,1056,0.208389042655305,0.679125891308712,0.11590539234280302,0.112408083055871,0.156503046136363,0.19656099634753899,10037,application: compare points,673,noprobtype,20405169,104050673,1096827230,1096827245,14.99999976,1,0,0,0,0,0,0,2,0,0,0,0,0,0.0,0,0,0,137.0,0.0,0,61,2,0,0,0,0,25.0,2,1.0,0,0,59,0,1,0,2.360859038,176.9999997,176.9999997,5,0,0,0.35569422799999995,0.74432373,0.0,0.091463415,0.23076923100000002,0.18697048800000002,0.156026644,0.8294219709999999,0.0,0.009561398,0.122594845,0.0057965690000000005,0.99999988,1,45,0,0,
8,2,Male,2004-2005,0.352416476214962,0.183275651185525,0.483901515151515,1056,0.208389042655305,0.679125891308712,0.11590539234280302,0.112408083055871,0.156503046136363,0.19656099634753899,10038,application: compare points,673,noprobtype,20405169,104050673,1096827245,1096827273,28.00000024,1,0,0,0,0,0,0,3,0,0,0,0,0,0.0,0,0,0,137.0,0.0,0,62,2,0,0,0,0,25.0,2,1.0,0,0,60,0,1,0,1.3981392380000002,205.0,205.0,5,0,0,0.35569422799999995,0.74432373,0.0,0.091463415,0.23076923100000002,0.18697048800000002,0.156026644,0.8294219709999999,0.0,0.009561398,0.122594845,0.0057965690000000005,0.99999988,1,45,0,0,
8,2,Male,2004-2005,0.352416476214962,0.183275651185525,0.483901515151515,1056,0.208389042655305,0.679125891308712,0.11590539234280302,0.112408083055871,0.156503046136363,0.19656099634753899,10039,application: compare points,673,noprobtype,20405169,104050673,1096827273,1096827278,5.0,1,0,0,0,0,0,0,4,0,0,0,0,0,0.0,0,0,0,137.0,0.0,0,62,2,0,0,0,0,25.0,2,1.0,0,0,61,0,1,0,-0.30680042399999996,210.0,210.0,5,0,0,0.35569422799999995,0.654984751,0.0,0.091463415,0.9375,0.18697048800000002,0.156026644,0.769818212,0.0,0.009561398,0.91691437,0.0057965690000000005,0.99999988,1,45,0,0,
8,2,Male,2004-2005,0.352416476214962,0.183275651185525,0.483901515151515,1056,0.208389042655305,0.679125891308712,0.11590539234280302,0.112408083055871,0.156503046136363,0.19656099634753899,10040,application: compare points,673,noprobtype,20405169,104050673,1096827278,1096827280,1.9999997619999998,1,0,0,0,0,0,0,5,0,0,0,0,0,0.0,0,0,0,137.0,0.0,0,62,2,0,0,0,0,25.0,2,1.0,0,0,62,0,0,0,-2.480452697,211.9999997,211.9999997,5,0,0,0.35569422799999995,0.654984751,0.0,0.091463415,0.9375,0.18697048800000002,0.156026644,0.769818212,0.0,0.009561398,0.91691437,0.0057965690000000005,0.99999988,1,45,0,0,
8,2,Male,2004-2005,0.352416476214962,0.183275651185525,0.483901515151515,1056,0.208389042655305,0.679125891308712,0.11590539234280302,0.112408083055871,0.156503046136363,0.19656099634753899,10041,application: compare points,673,noprobtype,20405169,104050673,1096827280,1096827281,1.000000238,1,0,0,0,0,0,0,6,0,0,0,0,0,0.0,0,0,0,137.0,0.0,0,62,2,0,0,0,0,25.0,2,1.0,0,0,63,0,0,0,-2.914162297,213.0,213.0,5,0,0,0.35569422799999995,0.654984751,0.0,0.091463415,0.9375,0.18697048800000002,0.156026644,0.769818212,0.0,0.009561398,0.91691437,0.0057965690000000005,0.99999988,1,45,0,0,
8,2,Male,2004-2005,0.352416476214962,0.183275651185525,0.483901515151515,1056,0.208389042655305,0.679125891308712,0.11590539234280302,0.112408083055871,0.156503046136363,0.19656099634753899,10042,application: compare points,673,noprobtype,20405169,104050673,1096827281,1096827389,108.0,1,0,0,0,0,0,0,7,0,0,0,0,0,0.0,0,0,0,137.0,0.0,0,62,2,0,0,0,0,25.0,2,1.0,0,0,64,0,0,0,-4.430741512,321.0,321.0,5,1,0,0.680981595,0.541104687,0.0,0.091463415,0.578947368,0.18697048800000002,0.505312886,0.693841521,0.0,0.009561398,0.44026523100000003,0.0057965690000000005,0.99999988,1,45,0,0,
8,2,Male,2004-2005,0.352416476214962,0.183275651185525,0.483901515151515,1056,0.208389042655305,0.679125891308712,0.11590539234280302,0.112408083055871,0.156503046136363,0.19656099634753899,10043,application: multi-column subtraction,674,noprobtype,20405169,104050674,1096827389,1096827406,17.00000024,1,0,0,0,2,0,0,1,0,0,0,0,0,0.0,0,0,0,20.0,434.0,0,62,2,0,0,0,0,17.0,2,1.0,0,0,65,0,1,0,-2.156715319,36.99999976,36.99999976,5,0,0,0.35569422799999995,0.740409745,0.0,0.0,0.23076923100000002,0.18697048800000002,0.156026644,0.826810701,0.0,0.0,0.122594845,0.0057965690000000005,0.99999988,1,45,0,0,
8,2,Male,2004-2005,0.352416476214962,0.183275651185525,0.483901515151515,1056,0.208389042655305,0.679125891308712,0.11590539234280302,0.112408083055871,0.156503046136363,0.19656099634753899,10044,application: multi-column subtraction,675,noprobtype,20405169,104050675,1096827406,1096827461,54.99999976,1,0,0,0,0,0,0,1,0,0,0,0,0,0.0,0,0,0,37.0,0.0,0,63,2,0,0,0,0,55.0,2,1.0,0,0,66,0,1,0,1.292658477,91.99999952,91.99999952,5,0,0,0.35569422799999995,0.629199424,0.0,0.091463415,0.23076923100000002,0.18697048800000002,0.156026644,0.7526151670000001,0.0,0.009561398,0.122594845,0.0057965690000000005,1,1,45,0,0,
8,2,Male,2004-2005,0.352416476214962,0.183275651185525,0.483901515151515,1056,0.208389042655305,0.679125891308712,0.11590539234280302,0.112408083055871,0.156503046136363,0.19656099634753899,10045,application: compare points,672,noprobtype,20405169,104050672,1096827461,1096827503,42.00000024,1,0,0,0,0,0,0,2,0,0,0,0,0,0.0,0,0,0,162.0,72.0,0,64,2,0,0,0,0,42.0,2,1.0,0,0,67,0,1,0,8.469765645,363.0000002,363.0000002,5,0,0,0.35569422799999995,0.61369585,0.0,0.091463415,0.23076923100000002,0.18697048800000002,0.156026644,0.7422717390000001,0.0,0.009561398,0.122594845,0.0057965690000000005,0.999963503,0.99999988,45,0,0,
8,2,Male,2004-2005,0.352416476214962,0.183275651185525,0.483901515151515,1056,0.208389042655305,0.679125891308712,0.11590539234280302,0.112408083055871,0.156503046136363,0.19656099634753899,10046,application: compare points,673,noprobtype,20405169,104050673,1096827503,1096827534,30.99999976,1,0,0,0,0,0,0,8,0,0,0,0,0,0.0,0,0,0,204.0,0.0,0,65,2,0,0,0,0,31.0,2,1.0,0,0,68,0,1,0,8.574176237,394.0,394.0,5,0,0,0.35569422799999995,0.6871892390000001,0.0,0.091463415,0.23076923100000002,0.18697048800000002,0.156026644,0.79130389,0.0,0.009561398,0.122594845,0.0057965690000000005,0.99999988,1,45,0,0,
8,2,Male,2004-2005,0.352416476214962,0.183275651185525,0.483901515151515,1056,0.208389042655305,0.679125891308712,0.11590539234280302,0.112408083055871,0.156503046136363,0.19656099634753899,10047,noskill,662,noprobtype,20405169,104050662,1096827534,1096827600,65.99999976,1,0,0,0,0,0,0,2,0,0,0,0,0,0.0,0,0,0,0.0,0.0,0,66,1,0,0,0,0,16.0,1,0.0,0,0,69,0,1,0,8.313152588,81.99999976,81.99999976,5,0,0,0.35569422799999995,0.71974183,0.0,0.091463415,0.23076923100000002,0.18697048800000002,0.156026644,0.81302181,0.0,0.009561398,0.122594845,0.0057965690000000005,0.241,0.494312943,45,0,0,
8,2,Male,2004-2005,0.352416476214962,0.183275651185525,0.483901515151515,1056,0.208389042655305,0.679125891308712,0.11590539234280302,0.112408083055871,0.156503046136363,0.19656099634753899,10048,noskill,662,noprobtype,20405169,104050662,1096827600,1096827611,11.0,1,0,0,0,0,0,0,3,0,0,0,0,0,0.0,0,0,0,0.0,0.0,0,67,1,0,0,0,0,16.0,1,0.0,0,0,70,0,1,0,4.776431335,92.99999976,92.99999976,5,0,0,0.35569422799999995,0.71974183,0.0,0.091463415,0.23076923100000002,0.18697048800000002,0.156026644,0.81302181,0.0,0.009561398,0.122594845,0.0057965690000000005,0.241,0.494312943,45,0,0,
